student id,gender,ethnic group,parent education level,meal plan,exam preparation,MAT grade,CIS grade,ACC grade
1,female,group C,high school,free/reduced,none,74,57,37
2,female,group D,associate's degree,free/reduced,completed,64,63,85
3,female,group D,some high school,free/reduced,none,55,60,42
4,male,group D,some college,free/reduced,completed,37,78,70
5,female,group C,bachelor's degree,standard,none,83,83,52
6,female,group B,high school,standard,none,70,59,84
7,male,group B,some high school,standard,none,87,37,78
8,male,group B,high school,standard,none,58,69,76
9,female,group C,associate's degree,standard,none,80,67,67
10,male,group C,some college,free/reduced,none,49,48,66
11,female,group B,associate's degree,free/reduced,none,77,40,80
12,female,group D,some high school,free/reduced,none,42,42,73
13,male,group E,some high school,standard,completed,57,63,72
14,female,group C,high school,standard,none,61,84,78
15,female,group C,some college,standard,none,68,89,98
16,male,group D,associate's degree,standard,completed,80,85,84
17,female,group D,master's degree,free/reduced,none,68,61,63
18,female,group B,associate's degree,standard,none,72,80,78
19,male,group B,some high school,free/reduced,completed,68,36,57
20,female,group C,bachelor's degree,standard,none,73,90,97
21,male,group C,some college,standard,completed,51,71,71
22,female,group D,some college,standard,completed,75,72,100
23,male,group D,associate's degree,standard,completed,76,70,89
24,female,group C,some college,free/reduced,none,22,61,57
25,female,group C,associate's degree,standard,none,67,48,83
26,male,group C,some college,standard,completed,97,65,92
27,female,group B,some high school,standard,none,57,69,74
28,male,group D,some college,standard,completed,47,80,83
29,male,group D,bachelor's degree,standard,none,81,93,64
30,male,group C,high school,free/reduced,none,59,71,61
31,male,group E,some college,free/reduced,none,41,81,35
32,male,group E,some college,free/reduced,completed,60,70,38
33,male,group E,high school,standard,none,60,53,73
34,male,group D,some high school,standard,completed,52,55,58
35,male,group B,master's degree,free/reduced,none,74,65,65
36,male,group A,some high school,standard,none,73,37,41
37,female,group B,high school,free/reduced,completed,62,66,63
38,female,group D,some high school,standard,none,50,73,68
39,male,group A,some high school,standard,none,79,65,38
40,female,group E,some college,standard,none,96,67,45
41,female,group D,master's degree,standard,none,80,90,71
42,male,group D,some high school,standard,none,77,55,57
43,female,group C,bachelor's degree,free/reduced,completed,36,94,79
44,female,group C,some college,standard,none,50,91,73
45,female,group C,some high school,standard,none,73,81,72
46,female,group E,some high school,free/reduced,none,37,58,63
47,male,group A,some college,standard,none,76,93,61
48,female,group E,some high school,free/reduced,completed,63,52,64
49,male,group D,some high school,standard,completed,93,56,48
50,male,group A,high school,standard,none,52,62,60
51,female,group D,master's degree,standard,none,80,76,89
52,male,group C,high school,standard,none,53,88,67
53,male,group C,high school,standard,none,78,96,70
54,female,group E,some college,free/reduced,none,46,75,47
55,female,group C,some college,standard,none,61,81,80
56,female,group B,master's degree,free/reduced,none,75,46,75
57,male,group D,some college,standard,none,78,76,37
58,female,group D,some college,standard,completed,78,80,79
59,female,group B,some college,standard,none,67,68,77
60,male,group A,some high school,standard,none,88,47,60
61,male,group C,master's degree,free/reduced,completed,65,71,64
62,female,group D,some college,standard,none,50,61,82
63,female,group E,associate's degree,standard,none,63,87,77
64,female,group D,high school,standard,completed,81,63,68
65,female,group B,high school,standard,none,83,62,65
66,male,group D,master's degree,standard,completed,83,68,88
67,male,group C,high school,standard,none,88,57,60
68,male,group B,bachelor's degree,free/reduced,none,65,73,68
69,male,group E,high school,free/reduced,none,50,73,65
70,female,group B,high school,free/reduced,none,38,68,43
71,female,group C,associate's degree,standard,none,75,65,100
72,male,group B,high school,standard,completed,93,67,82
73,male,group B,master's degree,free/reduced,completed,94,59,90
74,male,group E,bachelor's degree,standard,none,83,61,73
75,female,group E,high school,standard,none,92,65,71
76,female,group C,associate's degree,free/reduced,completed,82,60,64
77,female,group B,high school,free/reduced,completed,92,54,66
78,female,group C,some high school,standard,none,84,64,66
79,male,group A,some high school,free/reduced,completed,60,53,66
80,male,group D,bachelor's degree,free/reduced,none,58,72,66
81,female,group B,some college,free/reduced,none,55,60,80
82,female,group E,some college,free/reduced,none,82,85,65
83,female,group C,bachelor's degree,free/reduced,none,32,64,78
84,female,group C,bachelor's degree,standard,none,73,69,68
85,male,group A,high school,standard,none,85,59,54
86,male,group E,associate's degree,standard,none,95,100,61
87,female,group C,high school,standard,none,56,81,49
88,male,group C,associate's degree,standard,none,51,58,77
89,female,group C,bachelor's degree,standard,none,85,68,52
90,male,group D,associate's degree,free/reduced,none,71,56,68
91,female,group D,bachelor's degree,standard,completed,89,52,93
92,male,group E,bachelor's degree,free/reduced,none,80,75,69
93,male,group B,high school,standard,none,52,67,67
94,male,group D,some college,standard,none,46,58,66
95,male,group C,some college,standard,completed,82,57,87
96,male,group A,master's degree,standard,none,58,88,73
97,female,group B,associate's degree,standard,none,95,77,66
98,male,group D,associate's degree,standard,completed,85,80,59
99,female,group D,associate's degree,standard,none,85,63,74
100,female,group E,some college,standard,none,77,84,66
101,female,group C,associate's degree,standard,none,49,73,81
102,female,group D,high school,free/reduced,completed,56,62,71
103,female,group D,associate's degree,free/reduced,none,79,57,65
104,male,group C,some college,standard,none,100,83,45
105,female,group C,some college,free/reduced,completed,60,51,84
106,male,group C,associate's degree,free/reduced,none,69,56,65
107,male,group B,some high school,standard,none,58,64,68
108,male,group E,some high school,standard,none,59,45,62
109,female,group E,some college,free/reduced,none,62,81,58
110,female,group D,some high school,free/reduced,completed,51,87,54
111,male,group D,bachelor's degree,free/reduced,none,84,60,53
112,male,group D,associate's degree,free/reduced,none,75,65,57
113,male,group D,master's degree,standard,none,85,100,96
114,male,group C,some college,standard,none,77,61,65
115,female,group A,high school,standard,none,64,70,81
116,female,group D,master's degree,standard,completed,100,95,79
117,female,group D,some college,standard,none,62,36,62
118,female,group D,some college,standard,completed,96,100,98
119,male,group C,associate's degree,standard,none,83,71,65
120,male,group C,some high school,standard,completed,84,66,73
121,female,group C,some high school,standard,completed,68,64,51
122,female,group C,some college,standard,none,81,83,86
123,female,group D,bachelor's degree,standard,none,84,59,78
124,female,group D,high school,standard,none,60,85,84
125,female,group E,some college,standard,none,77,60,71
126,female,group C,bachelor's degree,free/reduced,none,83,70,53
127,female,group C,high school,standard,none,56,100,71
128,male,group B,bachelor's degree,free/reduced,completed,83,100,78
129,female,group E,some college,standard,none,66,80,73
130,male,group D,some high school,free/reduced,completed,74,40,57
131,female,group C,high school,standard,completed,53,49,64
132,female,group B,some college,free/reduced,none,40,69,64
133,female,group A,high school,free/reduced,none,69,46,58
134,female,group B,high school,free/reduced,none,58,69,68
135,male,group B,some college,standard,none,100,67,55
136,male,group C,associate's degree,standard,completed,57,84,46
137,male,group D,master's degree,free/reduced,none,53,82,71
138,female,group C,some college,standard,completed,63,77,77
139,female,group B,some college,free/reduced,none,63,52,59
140,male,group C,some college,standard,none,78,63,80
141,female,group D,high school,free/reduced,none,53,87,44
142,female,group D,bachelor's degree,standard,completed,91,89,84
143,female,group B,some college,standard,none,92,62,49
144,male,group C,high school,free/reduced,completed,31,77,58
145,female,group D,bachelor's degree,free/reduced,none,80,69,66
146,male,group C,some high school,free/reduced,none,75,47,35
147,male,group B,some high school,standard,completed,73,62,82
148,female,group B,some college,standard,completed,73,65,57
149,male,group A,master's degree,free/reduced,none,86,62,70
150,female,group D,associate's degree,standard,completed,49,84,72
151,male,group B,some college,free/reduced,none,65,38,34
152,male,group C,some college,standard,completed,95,63,85
153,female,group C,associate's degree,standard,none,67,62,38
154,female,group D,high school,standard,none,58,63,62
155,female,group C,some high school,standard,none,49,65,78
156,female,group D,bachelor's degree,free/reduced,none,58,67,61
157,female,group B,some college,standard,none,78,61,56
158,male,group D,associate's degree,free/reduced,none,71,60,66
159,male,group D,high school,standard,completed,70,71,83
160,female,group B,bachelor's degree,free/reduced,completed,73,57,81
161,female,group E,associate's degree,standard,none,55,48,63
162,female,group A,some high school,free/reduced,completed,84,68,63
163,female,group A,high school,free/reduced,none,64,76,60
164,female,group C,some college,standard,completed,71,81,75
165,male,group B,associate's degree,free/reduced,completed,68,91,69
166,male,group D,some college,standard,none,72,75,35
167,female,group B,high school,free/reduced,none,40,44,61
168,female,group B,high school,standard,none,99,61,73
169,female,group E,some high school,standard,none,61,65,56
170,male,group D,associate's degree,standard,none,67,62,68
171,male,group C,associate's degree,free/reduced,none,78,68,53
172,female,group B,master's degree,standard,completed,91,94,95
173,female,group C,associate's degree,free/reduced,none,59,76,68
174,female,group B,some college,standard,none,81,72,66
175,male,group A,high school,free/reduced,none,55,33,67
176,male,group D,high school,standard,none,68,66,60
177,female,group C,some college,standard,none,71,93,80
178,male,group D,high school,standard,completed,52,68,88
179,male,group A,some college,standard,none,63,80,77
180,male,group A,associate's degree,free/reduced,none,77,63,79
181,male,group A,some high school,standard,completed,86,65,59
182,female,group C,some college,free/reduced,completed,81,58,99
183,male,group C,associate's degree,free/reduced,completed,79,67,74
184,male,group D,bachelor's degree,standard,none,72,68,70
185,female,group B,high school,free/reduced,none,34,48,46
186,male,group D,master's degree,free/reduced,completed,87,51,56
187,female,group E,associate's degree,standard,none,47,59,74
188,male,group A,some college,standard,completed,100,44,73
189,female,group C,master's degree,standard,none,80,86,77
190,male,group D,some high school,standard,none,62,86,66
191,male,group D,associate's degree,standard,none,88,90,77
192,female,group C,high school,standard,none,61,40,66
193,female,group A,high school,free/reduced,completed,59,67,68
194,male,group D,associate's degree,standard,completed,70,92,89
195,male,group D,high school,standard,none,73,46,45
196,female,group D,bachelor's degree,standard,none,64,91,62
197,female,group B,some high school,free/reduced,completed,43,32,56
198,male,group C,some high school,standard,completed,78,66,70
199,male,group B,master's degree,free/reduced,completed,74,82,76
200,male,group C,high school,free/reduced,none,11,64,39
201,male,group A,some high school,standard,none,28,59,46
202,female,group D,some high school,standard,none,58,61,47
203,female,group B,high school,free/reduced,completed,55,32,74
204,female,group E,some college,standard,none,100,57,71
205,female,group C,bachelor's degree,standard,none,55,92,51
206,female,group D,some college,standard,none,81,70,100
207,female,group A,some high school,free/reduced,none,36,52,56
208,female,group E,master's degree,standard,completed,71,97,100
209,male,group A,some college,standard,completed,100,60,74
210,male,group E,bachelor's degree,free/reduced,completed,77,59,72
211,female,group C,some high school,standard,none,73,21,66
212,male,group D,high school,standard,completed,75,67,69
213,female,group E,bachelor's degree,free/reduced,completed,73,62,57
214,female,group D,some high school,free/reduced,none,66,52,39
215,male,group C,some college,free/reduced,none,69,51,49
216,male,group C,some college,free/reduced,none,68,46,61
217,female,group D,master's degree,free/reduced,completed,61,75,72
218,male,group E,some high school,standard,none,76,93,73
219,male,group C,some college,standard,completed,87,58,71
220,female,group B,associate's degree,standard,none,79,81,69
221,male,group D,high school,standard,none,64,89,56
222,male,group C,master's degree,free/reduced,none,58,55,64
223,male,group B,associate's degree,free/reduced,none,60,65,50
224,female,group E,high school,free/reduced,none,44,36,51
225,male,group C,some college,free/reduced,none,61,43,66
226,male,group D,associate's degree,standard,none,68,66,92
227,female,group B,some college,standard,completed,87,77,57
228,male,group E,some high school,standard,none,45,70,52
229,male,group D,some high school,free/reduced,none,54,49,63
230,male,group B,some college,standard,none,45,45,72
231,male,group C,associate's degree,standard,none,79,57,67
232,female,group C,bachelor's degree,free/reduced,completed,65,63,72
233,male,group D,associate's degree,standard,none,84,99,64
234,male,group E,associate's degree,free/reduced,none,75,64,55
235,female,group E,associate's degree,standard,completed,70,81,87
236,female,group C,high school,standard,none,66,72,49
237,female,group D,high school,free/reduced,none,13,71,54
238,male,group D,some college,free/reduced,none,46,54,49
239,female,group D,bachelor's degree,standard,completed,75,78,49
240,female,group B,associate's degree,free/reduced,completed,71,73,47
241,female,group B,master's degree,standard,completed,74,100,91
242,female,group D,some high school,standard,completed,72,80,75
243,female,group C,master's degree,standard,none,73,73,82
244,female,group C,high school,standard,completed,70,79,79
245,male,group A,associate's degree,standard,completed,80,89,77
246,male,group A,some high school,free/reduced,none,67,43,47
247,male,group A,some college,free/reduced,none,56,52,75
248,male,group E,some college,standard,completed,85,85,79
249,female,group C,some college,standard,completed,70,88,71
250,male,group D,master's degree,free/reduced,none,71,64,78
251,male,group D,some college,free/reduced,completed,61,69,63
252,male,group E,bachelor's degree,standard,none,97,72,95
253,female,group D,bachelor's degree,free/reduced,none,68,100,56
254,female,group C,associate's degree,free/reduced,completed,88,58,71
255,male,group D,some high school,free/reduced,none,77,71,44
256,male,group D,some high school,standard,none,66,67,77
257,female,group D,associate's degree,standard,none,56,88,62
258,female,group C,bachelor's degree,standard,completed,95,69,87
259,female,group B,associate's degree,free/reduced,completed,49,89,68
260,female,group D,associate's degree,free/reduced,completed,98,70,70
261,male,group C,associate's degree,free/reduced,none,81,56,46
262,female,group C,some college,standard,none,62,63,81
263,female,group D,high school,free/reduced,completed,92,72,60
264,male,group D,associate's degree,free/reduced,none,51,50,59
265,female,group C,some high school,standard,none,71,83,50
266,male,group C,associate's degree,standard,none,41,70,69
267,male,group E,associate's degree,standard,none,93,59,82
268,male,group C,associate's degree,free/reduced,completed,92,64,89
269,male,group D,associate's degree,standard,completed,60,80,73
270,female,group E,some high school,standard,completed,79,77,54
271,female,group B,high school,standard,none,66,75,60
272,male,group C,some college,standard,none,78,87,53
273,female,group D,some high school,standard,completed,100,53,75
274,male,group C,high school,standard,none,42,58,73
275,male,group E,some college,standard,none,86,71,71
276,male,group D,some college,standard,completed,95,66,87
277,male,group C,associate's degree,standard,none,86,72,93
278,male,group C,associate's degree,free/reduced,none,72,62,66
279,female,group C,some college,free/reduced,completed,78,49,62
280,female,group D,associate's degree,standard,none,81,80,65
281,female,group D,bachelor's degree,standard,none,74,86,76
282,female,group D,bachelor's degree,standard,completed,98,85,87
283,female,group A,some college,standard,none,59,72,76
284,female,group B,associate's degree,standard,none,45,88,67
285,female,group E,bachelor's degree,standard,completed,67,90,66
286,female,group E,bachelor's degree,standard,completed,60,78,88
287,male,group D,master's degree,standard,none,100,75,77
288,female,group D,master's degree,standard,none,70,75,86
289,female,group B,associate's degree,standard,none,84,64,80
290,female,group D,associate's degree,free/reduced,none,44,50,64
291,female,group C,some high school,free/reduced,completed,41,77,49
292,female,group D,some college,free/reduced,completed,48,57,74
293,male,group D,high school,standard,none,79,80,89
294,male,group E,bachelor's degree,standard,none,77,62,62
295,male,group B,associate's degree,standard,none,84,100,52
296,female,group C,some high school,standard,none,86,67,78
297,male,group C,some high school,free/reduced,none,46,70,78
298,female,group C,high school,free/reduced,none,81,51,60
299,male,group E,high school,standard,none,40,64,67
300,female,group E,associate's degree,free/reduced,completed,85,64,78
301,male,group E,some college,standard,completed,54,57,67
302,female,group C,associate's degree,free/reduced,completed,79,52,55
303,male,group B,some high school,free/reduced,none,41,27,65
304,female,group B,high school,standard,none,53,52,72
305,male,group D,some college,free/reduced,completed,63,64,75
306,male,group B,associate's degree,standard,none,81,90,53
307,female,group B,some high school,free/reduced,none,74,53,32
308,male,group D,master's degree,standard,completed,100,100,85
309,female,group E,associate's degree,standard,none,69,89,74
310,male,group D,some college,free/reduced,completed,49,60,79
311,female,group A,high school,standard,completed,70,89,77
312,male,group C,associate's degree,standard,none,54,80,65
313,female,group D,associate's degree,free/reduced,completed,36,63,97
314,male,group B,some high school,standard,completed,59,92,64
315,male,group D,bachelor's degree,standard,completed,83,73,78
316,male,group B,bachelor's degree,standard,none,73,73,33
317,female,group E,associate's degree,standard,none,86,54,35
318,female,group E,some college,free/reduced,completed,68,68,81
319,male,group A,bachelor's degree,free/reduced,none,58,70,63
320,male,group C,some college,standard,completed,94,77,81
321,male,group C,some college,standard,none,59,75,92
322,male,group C,some high school,standard,none,73,68,58
323,female,group B,high school,standard,completed,59,71,81
324,male,group C,associate's degree,free/reduced,none,60,58,71
325,female,group E,master's degree,standard,completed,90,85,77
326,male,group E,some college,standard,none,75,67,77
327,male,group C,bachelor's degree,standard,completed,100,70,75
328,male,group B,some high school,standard,none,57,67,57
329,female,group E,some college,standard,completed,100,59,84
330,female,group C,some high school,free/reduced,none,57,64,62
331,female,group D,some high school,free/reduced,none,56,49,40
332,male,group D,high school,free/reduced,completed,73,59,28
333,male,group E,some high school,free/reduced,completed,59,42,74
334,female,group C,some high school,standard,none,70,95,67
335,female,group C,some college,standard,completed,44,80,65
336,male,group E,some high school,free/reduced,none,50,70,51
337,female,group B,some high school,free/reduced,completed,71,61,43
338,male,group B,associate's degree,standard,completed,88,76,87
339,female,group D,associate's degree,standard,completed,100,55,52
340,male,group B,some college,free/reduced,none,53,50,48
341,male,group D,high school,standard,none,64,34,71
342,female,group D,some college,standard,none,72,77,67
343,male,group E,associate's degree,standard,none,85,97,78
344,female,group C,high school,standard,none,59,52,45
345,female,group D,associate's degree,standard,none,74,80,84
346,female,group E,associate's degree,standard,none,75,58,64
347,female,group C,some high school,standard,none,55,72,54
348,female,group B,bachelor's degree,standard,completed,71,81,70
349,female,group D,some college,free/reduced,none,72,72,66
350,female,group B,some college,standard,none,68,65,67
351,female,group D,high school,free/reduced,completed,52,38,59
352,male,group C,some high school,free/reduced,none,76,62,33
353,female,group D,associate's degree,free/reduced,completed,60,94,100
354,male,group A,associate's degree,free/reduced,none,68,65,66
355,male,group C,some high school,standard,none,73,52,65
356,male,group C,some college,free/reduced,completed,85,75,65
357,female,group C,some high school,free/reduced,none,36,56,71
358,female,group D,some high school,standard,none,62,55,33
359,female,group C,some high school,standard,none,66,78,61
360,female,group A,some college,standard,none,87,63,67
361,male,group A,high school,standard,completed,91,79,83
362,female,group D,master's degree,standard,none,75,43,86
363,male,group E,some college,standard,none,79,71,95
364,male,group C,bachelor's degree,standard,completed,62,80,73
365,male,group C,some high school,standard,none,75,81,59
366,female,group E,master's degree,free/reduced,completed,71,74,51
367,male,group A,bachelor's degree,standard,none,85,58,78
368,female,group C,high school,free/reduced,none,28,52,61
369,female,group C,high school,free/reduced,completed,32,68,62
370,male,group D,some high school,free/reduced,completed,61,60,71
371,female,group C,some high school,standard,completed,69,60,40
372,male,group A,associate's degree,free/reduced,completed,75,76,83
373,female,group C,high school,standard,completed,51,63,64
374,female,group C,bachelor's degree,free/reduced,none,66,87,65
375,male,group C,some high school,standard,none,63,58,89
376,male,group A,high school,standard,none,78,71,84
377,female,group C,associate's degree,standard,completed,71,96,82
378,female,group B,associate's degree,standard,none,94,83,86
379,female,group B,some college,free/reduced,completed,72,47,83
380,female,group C,master's degree,standard,none,78,64,100
381,male,group B,high school,standard,none,69,64,58
382,male,group C,some college,standard,none,70,46,79
383,male,group D,some college,standard,completed,68,78,69
384,female,group D,high school,standard,none,77,71,69
385,male,group B,high school,standard,completed,92,66,81
386,female,group D,some college,standard,completed,60,68,80
387,female,group D,some high school,standard,none,77,71,48
388,male,group C,some college,free/reduced,none,66,51,69
389,female,group A,associate's degree,free/reduced,none,81,66,55
390,female,group D,associate's degree,standard,none,69,81,64
391,male,group D,high school,free/reduced,completed,69,61,51
392,female,group D,some college,free/reduced,none,80,66,79
393,female,group C,master's degree,standard,none,72,95,79
394,male,group A,some high school,free/reduced,none,41,42,78
395,male,group B,some high school,standard,none,44,67,79
396,female,group C,high school,free/reduced,completed,73,70,52
397,male,group D,some high school,standard,none,52,55,71
398,male,group C,some college,free/reduced,completed,67,69,66
399,male,group C,high school,standard,none,45,64,53
400,female,group E,high school,free/reduced,completed,64,40,64
401,female,group D,high school,standard,completed,74,68,68
402,female,group C,some college,standard,completed,62,76,65
403,female,group C,high school,standard,none,63,73,63
404,female,group A,associate's degree,standard,completed,95,62,68
405,female,group C,high school,standard,none,85,86,56
406,male,group C,bachelor's degree,standard,none,90,80,69
407,male,group D,bachelor's degree,free/reduced,completed,65,92,62
408,female,group D,associate's degree,standard,completed,57,79,82
409,female,group D,associate's degree,free/reduced,none,45,64,68
410,male,group D,high school,standard,none,80,67,78
411,female,group C,some college,standard,none,71,95,73
412,male,group D,high school,free/reduced,completed,61,65,80
413,male,group C,high school,free/reduced,none,61,65,48
414,female,group C,associate's degree,free/reduced,completed,83,93,66
415,male,group D,bachelor's degree,standard,none,60,78,68
416,female,group C,some college,standard,none,72,100,65
417,male,group C,bachelor's degree,standard,none,84,76,81
418,male,group C,high school,standard,none,62,68,60
419,male,group A,some college,standard,none,85,81,65
420,female,group C,some college,standard,none,74,77,71
421,male,group D,associate's degree,free/reduced,completed,69,84,71
422,female,group C,some college,free/reduced,none,58,52,54
423,male,group C,some college,free/reduced,none,42,59,53
424,female,group A,high school,free/reduced,completed,76,61,47
425,female,group E,associate's degree,standard,completed,76,91,83
426,female,group B,some college,standard,none,80,78,71
427,male,group B,bachelor's degree,standard,none,64,78,87
428,male,group A,some college,free/reduced,completed,72,52,77
429,male,group E,some college,free/reduced,none,64,61,52
430,female,group B,some college,standard,none,69,65,65
431,female,group C,associate's degree,free/reduced,completed,76,44,91
432,male,group C,associate's degree,standard,completed,60,92,76
433,female,group D,some high school,standard,none,48,69,74
434,female,group E,associate's degree,standard,none,56,73,84
435,female,group E,some college,standard,none,96,53,74
436,male,group D,bachelor's degree,free/reduced,none,97,55,51
437,female,group C,some high school,standard,completed,70,69,59
438,female,group A,associate's degree,free/reduced,completed,73,88,78
439,female,group D,bachelor's degree,standard,none,74,73,84
440,male,group C,bachelor's degree,standard,completed,68,82,63
441,male,group E,some college,standard,none,72,71,48
442,female,group B,high school,standard,none,80,79,66
443,female,group B,some high school,free/reduced,none,70,62,43
444,female,group E,master's degree,free/reduced,none,96,66,66
445,female,group C,some high school,free/reduced,none,53,46,46
446,female,group D,high school,free/reduced,completed,66,63,90
447,male,group C,some high school,standard,none,68,61,84
448,male,group A,bachelor's degree,free/reduced,completed,64,80,85
449,male,group C,high school,free/reduced,none,49,56,45
450,female,group A,associate's degree,standard,none,82,85,68
451,female,group B,high school,standard,none,52,55,64
452,female,group E,some high school,standard,none,95,60,60
453,female,group D,some college,free/reduced,none,57,61,50
454,female,group C,high school,standard,none,63,88,68
455,male,group B,some college,standard,completed,74,62,59
456,male,group B,associate's degree,standard,none,70,82,77
457,male,group C,bachelor's degree,standard,none,76,72,95
458,female,group C,some high school,standard,none,50,44,49
459,female,group D,some high school,free/reduced,none,34,62,76
460,male,group D,some high school,standard,completed,72,72,76
461,female,group A,associate's degree,standard,none,57,67,90
462,female,group D,high school,standard,completed,85,73,59
463,male,group C,associate's degree,standard,none,78,53,88
464,female,group D,bachelor's degree,standard,none,72,61,81
465,male,group B,some high school,standard,none,74,71,60
466,male,group C,some college,standard,none,58,55,73
467,male,group A,associate's degree,standard,completed,83,66,75
468,female,group D,high school,standard,none,72,53,42
469,female,group C,high school,standard,none,71,71,50
470,male,group A,associate's degree,standard,none,49,100,65
471,male,group C,some college,standard,none,54,34,74
472,male,group C,some college,standard,none,100,80,86
473,female,group C,master's degree,standard,completed,63,99,86
474,male,group C,some college,free/reduced,completed,61,67,60
475,male,group E,associate's degree,standard,none,76,63,69
476,female,group B,some college,standard,completed,100,72,95
477,male,group E,some college,free/reduced,completed,78,68,84
478,male,group C,high school,free/reduced,completed,81,40,79
479,female,group B,associate's degree,standard,none,50,84,84
480,female,group B,master's degree,free/reduced,none,72,62,73
481,male,group E,some college,standard,completed,66,71,89
482,female,group D,high school,free/reduced,none,79,62,42
483,male,group A,associate's degree,free/reduced,none,78,93,68
484,female,group C,some high school,standard,completed,61,79,60
485,female,group B,high school,free/reduced,none,71,64,56
486,female,group E,some college,standard,none,70,89,59
487,female,group D,high school,free/reduced,completed,60,87,79
488,female,group A,master's degree,standard,none,100,63,76
489,female,group A,bachelor's degree,standard,none,67,100,82
490,male,group B,some college,free/reduced,completed,50,75,64
491,male,group D,master's degree,free/reduced,none,49,89,80
492,male,group B,some college,standard,none,97,62,78
493,male,group A,some college,standard,none,69,55,67
494,female,group C,some college,standard,none,55,70,79
495,male,group D,bachelor's degree,standard,completed,98,83,88
496,female,group C,bachelor's degree,free/reduced,none,45,75,64
497,male,group A,some high school,standard,none,58,72,56
498,female,group B,some college,standard,none,86,56,79
499,female,group D,master's degree,free/reduced,none,58,77,71
500,female,group B,bachelor's degree,free/reduced,none,69,53,61
501,female,group A,high school,standard,none,65,67,87
502,female,group C,some college,standard,none,93,73,69
503,female,group D,some college,free/reduced,none,62,74,65
504,male,group C,associate's degree,standard,completed,81,95,65
505,male,group B,high school,free/reduced,none,53,55,61
506,female,group C,master's degree,standard,none,48,93,66
507,female,group C,associate's degree,standard,none,68,77,72
508,male,group C,high school,free/reduced,completed,78,55,75
509,male,group B,some college,free/reduced,none,44,73,85
510,male,group C,high school,standard,none,50,71,71
511,male,group D,high school,standard,none,42,64,59
512,female,group A,bachelor's degree,free/reduced,none,58,75,52
513,male,group D,some high school,standard,completed,57,57,65
514,female,group E,high school,standard,completed,96,89,77
515,male,group E,high school,standard,completed,68,60,86
516,female,group C,associate's degree,standard,completed,93,91,86
517,female,group D,master's degree,standard,none,78,74,87
518,female,group E,high school,standard,none,86,91,54
519,female,group C,high school,standard,none,42,38,71
520,female,group E,bachelor's degree,standard,completed,97,96,85
521,female,group E,master's degree,free/reduced,none,61,54,66
522,male,group B,bachelor's degree,standard,none,86,77,84
523,male,group C,bachelor's degree,standard,none,75,100,68
524,female,group C,master's degree,standard,none,97,76,56
525,female,group B,some college,standard,none,78,80,67
526,female,group E,associate's degree,free/reduced,completed,70,41,69
527,male,group A,master's degree,standard,none,89,100,94
528,male,group B,some college,standard,none,71,69,77
529,male,group E,some high school,free/reduced,none,59,64,51
530,female,group A,associate's degree,free/reduced,none,50,85,67
531,female,group B,high school,standard,none,84,54,50
532,male,group E,associate's degree,free/reduced,none,84,76,64
533,male,group E,some high school,standard,none,80,79,58
534,female,group C,some high school,free/reduced,completed,45,52,66
535,female,group A,associate's degree,standard,none,57,68,100
536,male,group A,associate's degree,standard,completed,90,88,76
537,female,group D,high school,free/reduced,none,41,45,75
538,male,group D,associate's degree,standard,none,80,75,53
539,male,group C,some high school,free/reduced,none,82,34,50
540,male,group E,high school,standard,completed,88,75,66
541,male,group B,high school,standard,none,71,58,69
542,female,group D,bachelor's degree,free/reduced,none,71,56,77
543,female,group C,bachelor's degree,free/reduced,none,58,44,61
544,male,group B,high school,free/reduced,none,46,59,33
545,male,group B,associate's degree,free/reduced,none,58,61,46
546,female,group C,associate's degree,standard,completed,85,78,85
547,female,group B,high school,standard,completed,54,64,77
548,female,group D,some high school,standard,completed,44,86,55
549,male,group C,some high school,standard,none,66,59,77
550,female,group B,master's degree,standard,completed,93,90,83
551,male,group C,associate's degree,free/reduced,completed,92,60,81
552,female,group D,some college,free/reduced,none,65,54,75
553,male,group C,bachelor's degree,standard,none,98,83,72
554,female,group B,some high school,standard,none,62,77,68
555,female,group D,high school,standard,completed,72,68,42
556,female,group A,bachelor's degree,standard,none,60,87,68
557,female,group C,associate's degree,free/reduced,none,68,55,72
558,female,group A,high school,standard,none,41,64,57
559,female,group D,bachelor's degree,free/reduced,none,66,80,81
560,female,group C,high school,standard,none,88,76,51
561,male,group D,master's degree,free/reduced,completed,71,99,84
562,male,group A,some college,standard,none,65,78,66
563,female,group D,some college,free/reduced,completed,48,68,67
564,female,group C,associate's degree,free/reduced,none,19,58,47
565,male,group C,some high school,standard,none,91,57,87
566,male,group C,high school,standard,none,48,42,79
567,female,group D,associate's degree,free/reduced,completed,41,81,78
568,male,group B,associate's degree,standard,none,61,57,75
569,male,group B,some college,standard,none,61,82,74
570,male,group D,some high school,standard,none,66,40,69
571,male,group C,high school,standard,none,81,86,37
572,female,group E,high school,free/reduced,none,43,70,71
573,male,group C,bachelor's degree,free/reduced,completed,75,72,96
574,male,group C,associate's degree,standard,completed,90,50,64
575,male,group C,some college,free/reduced,completed,80,70,72
576,female,group C,associate's degree,standard,completed,80,98,61
577,male,group B,associate's degree,free/reduced,none,68,60,52
578,male,group B,bachelor's degree,free/reduced,none,47,75,65
579,male,group D,high school,free/reduced,completed,55,60,63
580,male,group C,some high school,free/reduced,none,46,51,65
581,male,group C,bachelor's degree,standard,none,71,71,55
582,male,group D,high school,standard,none,54,53,64
583,male,group D,associate's degree,free/reduced,none,67,79,54
584,female,group E,high school,standard,completed,59,78,86
585,male,group C,some high school,standard,none,60,55,90
586,female,group D,associate's degree,free/reduced,none,78,87,69
587,male,group A,high school,free/reduced,completed,88,66,33
588,male,group C,some high school,standard,none,31,39,75
589,female,group C,high school,standard,completed,41,63,91
590,male,group D,some college,standard,none,81,68,56
591,female,group B,associate's degree,standard,completed,95,100,62
592,male,group C,some high school,standard,none,70,53,40
593,male,group D,associate's degree,standard,completed,93,79,56
594,male,group C,some high school,standard,completed,89,70,85
595,male,group B,master's degree,free/reduced,none,79,65,79
596,female,group D,high school,free/reduced,completed,57,46,58
597,male,group E,bachelor's degree,free/reduced,none,60,58,63
598,male,group A,associate's degree,free/reduced,completed,83,63,66
599,female,group B,some high school,standard,none,68,31,43
600,female,group D,some college,standard,completed,66,67,77
601,female,group A,some college,standard,none,61,68,69
602,female,group B,high school,free/reduced,completed,76,64,51
603,male,group D,high school,standard,none,71,73,62
604,female,group C,high school,free/reduced,completed,72,44,43
605,female,group A,some high school,standard,completed,66,86,67
606,female,group C,high school,standard,none,85,62,62
607,female,group D,associate's degree,free/reduced,completed,72,59,62
608,female,group E,some high school,standard,none,92,65,69
609,male,group E,some college,free/reduced,none,85,74,46
610,male,group B,bachelor's degree,standard,none,100,66,49
611,female,group A,some high school,free/reduced,none,48,41,65
612,male,group B,some college,free/reduced,none,100,39,63
613,female,group D,associate's degree,free/reduced,completed,53,59,79
614,male,group C,high school,standard,completed,58,71,84
615,male,group D,some college,standard,completed,54,56,73
616,female,group E,high school,standard,completed,72,64,75
617,male,group D,master's degree,standard,completed,82,76,100
618,female,group B,some high school,standard,none,51,79,51
619,female,group D,some high school,free/reduced,completed,39,52,65
620,female,group C,associate's degree,standard,completed,96,47,82
621,male,group B,high school,standard,completed,82,70,92
622,male,group D,some college,free/reduced,completed,43,60,29
623,female,group E,some college,standard,completed,75,63,100
624,male,group B,some college,standard,completed,82,54,100
625,female,group C,bachelor's degree,free/reduced,none,85,100,78
626,female,group C,bachelor's degree,standard,none,54,65,66
627,female,group C,some high school,standard,completed,61,54,88
628,female,group B,some high school,standard,none,75,71,65
629,female,group B,some high school,free/reduced,completed,65,31,60
630,male,group C,bachelor's degree,standard,none,78,68,76
631,female,group B,some high school,standard,none,65,56,74
632,female,group C,associate's degree,standard,none,60,90,94
633,male,group C,some high school,free/reduced,none,66,45,36
634,male,group E,master's degree,free/reduced,none,74,79,83
635,female,group C,associate's degree,free/reduced,none,57,70,82
636,male,group B,high school,free/reduced,completed,59,49,71
637,male,group C,some college,standard,none,74,73,61
638,female,group A,associate's degree,free/reduced,completed,68,66,72
639,male,group D,associate's degree,standard,none,95,86,99
640,female,group A,high school,free/reduced,none,66,59,50
641,female,group E,bachelor's degree,free/reduced,none,40,76,87
642,male,group C,associate's degree,standard,completed,100,81,71
643,female,group C,master's degree,standard,none,69,76,95
644,female,group D,high school,free/reduced,completed,50,39,49
645,female,group D,associate's degree,standard,completed,70,69,83
646,female,group C,high school,free/reduced,none,67,66,55
647,male,group C,high school,free/reduced,completed,75,58,56
648,male,group D,master's degree,standard,completed,65,80,93
649,female,group C,associate's degree,free/reduced,none,60,79,76
650,male,group D,high school,standard,completed,83,49,59
651,female,group C,some high school,free/reduced,completed,62,58,67
652,female,group C,high school,standard,completed,83,92,85
653,male,group D,high school,standard,none,80,76,61
654,female,group C,master's degree,standard,none,65,100,75
655,female,group C,associate's degree,standard,none,66,19,80
656,male,group B,some college,free/reduced,none,69,70,71
657,female,group C,some high school,standard,none,59,56,50
658,male,group E,some college,standard,completed,90,77,56
659,female,group A,some college,free/reduced,none,66,89,58
660,female,group C,some college,standard,completed,90,86,71
661,female,group D,high school,free/reduced,none,40,43,58
662,male,group C,high school,free/reduced,none,77,36,40
663,female,group E,bachelor's degree,standard,none,74,79,62
664,male,group C,bachelor's degree,standard,completed,93,54,89
665,female,group D,associate's degree,standard,completed,82,66,85
666,male,group D,some college,free/reduced,none,65,64,56
667,male,group C,some college,free/reduced,none,75,45,61
668,male,group A,some college,free/reduced,none,59,44,66
669,female,group D,some college,standard,none,91,77,69
670,male,group C,bachelor's degree,standard,none,74,74,72
671,female,group D,bachelor's degree,standard,none,79,80,81
672,male,group B,bachelor's degree,free/reduced,none,80,47,66
673,female,group C,associate's degree,free/reduced,none,57,71,80
674,male,group C,high school,free/reduced,none,32,44,54
675,female,group D,associate's degree,standard,completed,83,83,89
676,female,group A,associate's degree,free/reduced,completed,81,71,74
677,female,group D,some high school,standard,none,50,62,75
678,male,group A,some high school,standard,none,69,48,73
679,male,group B,some college,standard,none,46,65,77
680,female,group C,some college,standard,completed,85,100,96
681,male,group E,some high school,standard,none,55,66,69
682,male,group D,bachelor's degree,standard,completed,67,79,74
683,female,group D,high school,standard,none,59,70,62
684,female,group D,bachelor's degree,standard,none,76,84,100
685,male,group A,associate's degree,standard,none,100,47,58
686,male,group B,some high school,standard,completed,46,74,59
687,female,group D,master's degree,standard,none,88,84,78
688,female,group D,some college,standard,none,68,81,67
689,male,group C,associate's degree,free/reduced,completed,72,79,66
690,female,group D,high school,free/reduced,none,42,44,70
691,male,group A,some high school,free/reduced,none,61,39,66
692,male,group C,high school,standard,none,95,55,95
693,male,group D,some high school,standard,none,60,66,56
694,female,group C,high school,standard,none,61,65,71
695,female,group C,associate's degree,standard,none,91,72,67
696,female,group C,associate's degree,standard,none,97,62,67
697,male,group D,master's degree,free/reduced,none,80,59,60
698,female,group A,bachelor's degree,standard,completed,77,94,94
699,female,group C,high school,free/reduced,completed,58,68,61
700,female,group E,associate's degree,standard,none,85,65,53
701,female,group A,high school,standard,none,48,64,57
702,female,group A,associate's degree,standard,none,54,61,58
703,male,group E,associate's degree,standard,none,85,56,78
704,female,group C,associate's degree,standard,none,49,79,84
705,female,group C,some high school,free/reduced,completed,69,72,57
706,female,group C,high school,free/reduced,none,46,51,59
707,female,group D,high school,standard,none,62,77,69
708,male,group C,high school,standard,none,81,62,60
709,female,group C,some high school,free/reduced,completed,79,75,62
710,female,group D,some high school,standard,none,61,74,58
711,female,group C,some college,free/reduced,none,56,63,43
712,male,group E,associate's degree,free/reduced,none,85,56,52
713,male,group C,associate's degree,standard,none,65,75,75
714,male,group D,some high school,standard,completed,74,76,86
715,female,group C,high school,free/reduced,completed,52,50,49
716,female,group C,bachelor's degree,standard,none,56,80,81
717,male,group C,some college,standard,none,79,74,82
718,male,group C,some college,standard,none,70,70,100
719,female,group C,associate's degree,free/reduced,completed,53,66,92
720,male,group D,some college,free/reduced,completed,64,75,89
721,female,group E,some high school,standard,none,47,51,60
722,male,group C,some college,standard,completed,92,84,73
723,male,group B,associate's degree,standard,none,74,67,71
724,male,group A,high school,free/reduced,completed,62,63,52
725,female,group E,some college,free/reduced,none,78,52,41
726,female,group B,some high school,free/reduced,none,28,30,74
727,female,group C,high school,standard,none,51,50,79
728,male,group C,some college,standard,completed,80,64,94
729,female,group C,high school,free/reduced,none,80,64,46
730,female,group D,associate's degree,standard,none,84,65,70
731,male,group B,high school,standard,completed,85,68,69
732,female,group C,some high school,standard,none,57,57,62
733,female,group D,associate's degree,free/reduced,none,75,72,61
734,female,group B,associate's degree,free/reduced,none,44,82,60
735,female,group D,some college,standard,completed,59,70,63
736,male,group C,some high school,standard,none,62,60,61
737,male,group A,some college,standard,none,87,69,63
738,male,group C,some high school,standard,none,69,50,70
739,female,group E,high school,free/reduced,completed,73,63,87
740,female,group B,some high school,standard,none,58,50,72
741,male,group C,associate's degree,standard,none,72,53,73
742,male,group E,some college,free/reduced,none,50,38,62
743,male,group B,some high school,standard,completed,69,64,62
744,female,group D,high school,standard,completed,62,53,60
745,male,group E,associate's degree,standard,none,72,87,64
746,male,group D,associate's degree,standard,none,64,52,72
747,male,group C,high school,standard,none,49,76,73
748,male,group C,bachelor's degree,free/reduced,none,80,53,82
749,female,group C,associate's degree,standard,completed,87,70,55
750,male,group C,associate's degree,standard,none,64,76,52
751,male,group C,associate's degree,standard,completed,56,55,72
752,male,group D,bachelor's degree,standard,none,100,100,79
753,female,group C,associate's degree,free/reduced,none,63,88,77
754,female,group D,some high school,standard,completed,76,69,65
755,female,group C,some college,standard,completed,60,92,79
756,female,group E,associate's degree,standard,completed,78,78,90
757,female,group C,some high school,standard,completed,89,66,62
758,female,group C,high school,standard,none,66,66,66
759,male,group D,bachelor's degree,free/reduced,none,60,71,56
760,female,group D,some college,free/reduced,none,61,62,79
761,male,group A,master's degree,free/reduced,completed,49,48,70
762,male,group D,master's degree,standard,completed,94,82,82
763,female,group E,some high school,standard,none,59,70,58
764,male,group D,high school,free/reduced,none,44,46,39
765,female,group C,high school,standard,completed,83,82,55
766,female,group A,associate's degree,standard,none,72,76,81
767,female,group C,high school,standard,completed,65,62,74
768,male,group E,high school,standard,completed,82,67,68
769,male,group B,some college,standard,none,72,61,64
770,male,group E,associate's degree,free/reduced,none,69,75,65
771,female,group C,master's degree,standard,none,80,76,75
772,female,group C,some college,free/reduced,none,56,69,59
773,female,group C,high school,standard,none,82,74,77
774,female,group A,high school,standard,none,24,53,66
775,female,group D,associate's degree,standard,none,66,38,80
776,female,group A,some college,free/reduced,none,57,70,69
777,female,group D,some college,free/reduced,none,73,39,87
778,female,group A,bachelor's degree,standard,completed,80,83,98
779,female,group E,some college,free/reduced,none,56,49,71
780,male,group D,master's degree,standard,none,73,69,69
781,female,group C,bachelor's degree,standard,none,62,78,75
782,male,group D,bachelor's degree,free/reduced,none,64,69,76
783,male,group C,high school,standard,none,56,61,67
784,female,group C,bachelor's degree,free/reduced,none,70,79,87
785,female,group B,associate's degree,free/reduced,none,79,54,39
786,female,group A,bachelor's degree,standard,none,70,90,79
787,female,group B,associate's degree,standard,completed,96,81,100
788,male,group E,high school,standard,none,83,66,73
789,female,group B,some high school,standard,none,63,33,80
790,female,group D,some college,standard,none,54,67,55
791,male,group D,some college,standard,completed,62,80,60
792,male,group B,bachelor's degree,free/reduced,none,55,64,72
793,male,group C,high school,free/reduced,completed,65,81,74
794,male,group D,some high school,standard,none,57,41,54
795,female,group E,high school,standard,none,59,51,43
796,male,group C,associate's degree,free/reduced,none,80,61,66
797,female,group D,high school,free/reduced,none,48,60,81
798,female,group B,some high school,standard,none,66,59,81
799,male,group B,high school,standard,none,50,72,62
800,female,group E,associate's degree,free/reduced,completed,89,79,68
801,male,group B,master's degree,standard,none,58,82,65
802,female,group C,associate's degree,free/reduced,completed,61,79,58
803,female,group D,associate's degree,free/reduced,completed,87,66,68
804,female,group E,some high school,free/reduced,none,68,53,49
805,female,group C,associate's degree,standard,completed,48,72,75
806,female,group B,some college,standard,none,53,75,69
807,male,group D,associate's degree,standard,completed,84,72,88
808,female,group D,some college,standard,none,75,76,59
809,male,group C,some high school,standard,completed,66,87,72
810,male,group D,associate's degree,standard,completed,92,69,78
811,female,group C,bachelor's degree,free/reduced,none,54,74,72
812,female,group E,high school,free/reduced,completed,57,53,73
813,female,group D,some high school,free/reduced,none,49,60,57
814,female,group C,bachelor's degree,free/reduced,completed,51,70,72
815,male,group C,some high school,standard,completed,84,52,66
816,female,group B,some high school,free/reduced,none,64,61,32
817,male,group E,high school,free/reduced,none,43,74,54
818,male,group D,some high school,standard,none,63,48,68
819,male,group C,some high school,standard,none,91,69,38
820,female,group A,some college,standard,none,65,73,54
821,male,group D,some college,standard,none,88,51,68
822,female,group D,some college,standard,completed,85,89,69
823,female,group C,some college,free/reduced,none,69,77,57
824,female,group E,associate's degree,standard,none,62,96,78
825,female,group D,associate's degree,standard,none,93,62,63
826,female,group D,some high school,free/reduced,none,55,52,32
827,male,group C,high school,free/reduced,completed,66,76,53
828,male,group D,some college,standard,none,88,59,59
829,female,group D,some high school,standard,none,47,72,79
830,female,group B,associate's degree,free/reduced,none,67,67,83
831,male,group B,associate's degree,standard,none,72,91,83
832,female,group C,some college,standard,completed,52,95,77
833,female,group D,high school,free/reduced,completed,23,71,64
834,female,group E,bachelor's degree,standard,completed,98,79,47
835,female,group D,high school,standard,none,51,81,81
836,female,group E,some college,free/reduced,none,69,73,66
837,male,group C,high school,free/reduced,none,43,34,44
838,male,group C,high school,standard,completed,79,56,84
839,female,group E,some college,free/reduced,none,80,64,72
840,female,group B,bachelor's degree,standard,completed,100,100,90
841,female,group C,high school,free/reduced,completed,75,59,59
842,female,group E,associate's degree,standard,none,68,64,72
843,male,group D,high school,standard,completed,86,70,60
844,female,group C,high school,free/reduced,none,66,69,34
845,female,group C,associate's degree,standard,none,78,87,51
846,male,group A,bachelor's degree,standard,completed,93,86,82
847,female,group D,associate's degree,standard,completed,74,54,99
848,male,group D,some high school,free/reduced,none,77,43,30
849,female,group D,associate's degree,free/reduced,completed,84,68,64
850,male,group D,some high school,standard,completed,84,59,47
851,male,group D,some high school,standard,completed,63,46,75
852,female,group B,high school,free/reduced,none,50,68,60
853,male,group E,high school,standard,none,73,92,70
854,male,group D,associate's degree,standard,completed,91,70,67
855,male,group B,associate's degree,standard,none,59,79,55
856,female,group D,associate's degree,standard,completed,70,84,73
857,female,group D,some college,standard,completed,71,100,66
858,female,group C,associate's degree,standard,completed,67,79,87
859,female,group D,associate's degree,standard,none,52,73,65
860,female,group D,associate's degree,standard,none,77,71,73
861,male,group E,some college,standard,completed,77,93,92
862,female,group C,bachelor's degree,standard,none,77,83,72
863,female,group B,some college,standard,none,85,67,65
864,male,group D,some college,standard,completed,76,90,80
865,female,group C,high school,standard,none,62,64,63
866,male,group D,some high school,free/reduced,completed,54,58,70
867,male,group E,associate's degree,standard,none,66,67,76
868,male,group B,some college,standard,none,58,45,70
869,male,group C,some college,standard,none,67,82,71
870,male,group D,some college,standard,none,88,67,77
871,female,group D,associate's degree,free/reduced,none,45,78,80
872,female,group C,some college,standard,none,64,55,67
873,female,group D,associate's degree,standard,completed,96,60,83
874,male,group C,associate's degree,standard,none,67,80,81
875,female,group C,bachelor's degree,standard,none,70,94,86
876,male,group D,associate's degree,standard,none,77,74,49
877,male,group C,some college,standard,none,82,100,82
878,male,group B,associate's degree,standard,none,64,62,96
879,female,group B,high school,standard,none,75,75,58
880,female,group D,some college,standard,completed,84,89,56
881,male,group B,associate's degree,standard,none,57,79,72
882,female,group D,high school,free/reduced,none,48,58,56
883,female,group C,some high school,free/reduced,completed,56,68,66
884,female,group C,associate's degree,standard,none,51,57,66
885,male,group D,some high school,free/reduced,none,37,44,70
886,female,group E,some college,free/reduced,none,58,63,86
887,male,group D,high school,free/reduced,none,72,42,47
888,female,group E,some college,standard,none,56,56,88
889,female,group B,associate's degree,standard,completed,55,78,82
890,female,group C,associate's degree,free/reduced,none,75,55,70
891,female,group E,some college,standard,completed,69,92,99
892,male,group A,bachelor's degree,free/reduced,none,48,44,70
893,male,group D,some college,standard,none,60,90,79
894,male,group B,high school,standard,none,69,50,44
895,male,group C,some college,standard,none,97,74,89
896,female,group E,associate's degree,standard,completed,48,72,79
897,female,group B,some college,free/reduced,none,64,65,53
898,male,group D,some high school,standard,completed,60,66,91
899,male,group B,some college,free/reduced,none,66,68,63
900,female,group D,associate's degree,standard,none,55,68,84
901,female,group C,high school,standard,none,79,67,72
902,female,group C,high school,standard,none,58,68,74
903,female,group D,some college,standard,none,55,76,53
904,male,group A,associate's degree,free/reduced,none,73,54,52
905,male,group E,some college,standard,none,65,68,64
906,male,group A,some high school,standard,none,62,67,84
907,female,group E,high school,free/reduced,completed,59,69,48
908,male,group B,some college,free/reduced,none,78,72,56
909,male,group B,some college,standard,none,70,73,63
910,female,group D,some college,standard,none,61,64,73
911,male,group C,associate's degree,standard,none,84,58,81
912,female,group D,some college,standard,completed,87,68,79
913,female,group D,associate's degree,standard,completed,88,86,63
914,female,group D,master's degree,free/reduced,none,72,64,83
915,male,group C,associate's degree,standard,none,80,74,57
916,male,group C,high school,standard,completed,80,60,64
917,male,group C,high school,free/reduced,completed,48,72,46
918,male,group B,associate's degree,standard,completed,93,83,81
919,female,group A,high school,standard,none,51,74,70
920,female,group B,associate's degree,free/reduced,none,54,75,63
921,female,group E,some college,standard,none,69,78,66
922,female,group D,some college,free/reduced,completed,71,89,83
923,male,group D,bachelor's degree,standard,completed,74,68,78
924,male,group C,some college,standard,none,100,97,83
925,female,group C,some college,free/reduced,none,93,53,76
926,female,group D,some high school,free/reduced,none,57,68,52
927,male,group B,associate's degree,free/reduced,none,70,62,52
928,male,group E,high school,standard,none,70,66,53
929,female,group C,master's degree,standard,completed,92,79,97
930,female,group A,associate's degree,free/reduced,completed,64,57,90
931,female,group B,high school,free/reduced,none,37,61,57
932,female,group C,bachelor's degree,standard,completed,78,78,100
933,female,group D,bachelor's degree,free/reduced,completed,73,62,80
934,female,group C,some high school,standard,none,50,71,62
935,female,group E,some college,standard,completed,73,88,78
936,female,group A,master's degree,standard,none,90,81,72
937,female,group B,some college,standard,none,59,63,45
938,male,group B,some college,free/reduced,none,39,36,69
939,female,group A,some college,standard,completed,66,75,88
940,female,group B,associate's degree,standard,completed,74,86,100
941,female,group C,some high school,standard,none,63,59,64
942,female,group B,high school,free/reduced,none,70,51,45
943,female,group C,bachelor's degree,free/reduced,none,72,57,67
944,male,group C,associate's degree,standard,none,100,78,50
945,female,group C,high school,standard,none,72,63,65
946,male,group E,associate's degree,free/reduced,none,80,72,69
947,female,group A,high school,standard,none,53,75,56
948,male,group C,some college,standard,none,72,68,87
949,female,group B,associate's degree,standard,none,83,62,53
950,male,group B,high school,free/reduced,completed,58,65,78
951,male,group C,master's degree,standard,none,86,72,73
952,female,group A,master's degree,standard,none,67,100,88
953,female,group C,high school,free/reduced,completed,73,65,70
954,female,group E,associate's degree,standard,none,73,89,53
955,female,group C,some college,free/reduced,none,47,77,63
956,male,group B,some high school,free/reduced,none,74,28,38
957,male,group C,associate's degree,standard,none,61,73,76
958,female,group D,some college,standard,completed,78,72,95
959,male,group D,bachelor's degree,free/reduced,none,79,61,30
960,female,group C,high school,standard,none,67,64,50
961,male,group B,associate's degree,standard,none,72,61,92
962,female,group C,associate's degree,free/reduced,none,51,79,73
963,female,group B,high school,free/reduced,completed,64,67,83
964,male,group E,high school,standard,completed,85,78,100
965,female,group E,some high school,free/reduced,completed,68,72,49
966,male,group C,some high school,standard,none,47,62,51
967,male,group E,associate's degree,free/reduced,none,64,47,56
968,female,group C,master's degree,free/reduced,none,44,67,68
969,male,group D,some college,standard,completed,100,82,91
970,female,group B,some high school,standard,none,57,81,76
971,male,group C,associate's degree,free/reduced,none,46,46,57
972,female,group C,high school,free/reduced,none,52,76,59
973,male,group D,bachelor's degree,free/reduced,none,66,88,64
974,female,group A,some college,standard,completed,93,95,69
975,female,group D,associate's degree,free/reduced,none,60,70,43
976,male,group B,some college,standard,none,79,84,72
977,female,group D,some high school,standard,completed,74,65,80
978,male,group D,associate's degree,standard,none,81,83,66
979,male,group D,some college,standard,none,74,52,90
980,female,group C,associate's degree,standard,none,42,82,73
981,female,group A,associate's degree,standard,none,75,67,65
982,female,group C,some college,standard,none,48,67,61
983,female,group B,associate's degree,standard,completed,83,71,87
984,female,group E,some high school,standard,none,39,59,73
985,female,group E,bachelor's degree,free/reduced,completed,73,54,66
986,male,group D,some high school,standard,none,63,80,68
987,female,group D,associate's degree,standard,completed,79,60,79
988,female,group B,some college,standard,none,65,84,65
989,female,group B,some college,standard,none,76,69,90
990,male,group B,some high school,standard,completed,60,68,66
991,male,group A,associate's degree,free/reduced,none,90,58,45
992,female,group D,associate's degree,standard,none,60,73,74
993,female,group C,some college,standard,none,79,54,60
994,female,group C,some college,free/reduced,none,55,74,48
995,male,group B,some college,standard,none,68,78,70
996,female,group E,associate's degree,standard,completed,87,98,85
997,male,group C,bachelor's degree,standard,none,38,61,75
998,female,group C,high school,standard,none,44,55,66
999,female,group C,high school,free/reduced,none,67,49,74
1000,male,group C,associate's degree,standard,none,85,71,78
1001,female,group D,high school,free/reduced,completed,57,60,70
1002,male,group D,associate's degree,standard,completed,86,80,100
1003,female,group A,some college,standard,none,70,71,70
1004,female,group E,associate's degree,free/reduced,none,49,55,76
1005,female,group E,associate's degree,standard,none,87,71,52
1006,female,group C,some college,free/reduced,none,55,59,66
1007,male,group B,high school,standard,none,94,94,73
1008,female,group D,some college,standard,none,64,51,71
1009,female,group C,associate's degree,free/reduced,completed,59,85,65
1010,female,group C,associate's degree,free/reduced,completed,59,66,44
1011,male,group C,some high school,free/reduced,none,64,43,47
1012,female,group D,high school,standard,completed,78,67,56
1013,male,group B,bachelor's degree,standard,completed,78,80,79
1014,male,group C,some college,free/reduced,completed,73,46,74
1015,female,group C,some college,free/reduced,completed,69,64,50
1016,female,group C,bachelor's degree,free/reduced,none,93,70,68
1017,male,group B,associate's degree,standard,none,72,71,69
1018,male,group E,some high school,free/reduced,none,69,43,49
1019,male,group D,high school,free/reduced,none,91,28,62
1020,female,group E,some high school,standard,none,63,58,72
1021,female,group C,associate's degree,standard,completed,100,97,72
1022,male,group B,associate's degree,standard,none,69,76,91
1023,male,group D,some high school,standard,none,69,72,54
1024,male,group D,associate's degree,standard,completed,79,84,71
1025,male,group D,master's degree,standard,completed,76,79,78
1026,male,group D,some college,free/reduced,completed,56,59,56
1027,female,group A,bachelor's degree,free/reduced,none,78,67,83
1028,female,group E,some college,standard,none,53,97,77
1029,male,group A,high school,standard,completed,57,74,62
1030,male,group B,high school,standard,completed,75,57,100
1031,female,group C,high school,standard,none,57,83,77
1032,female,group D,some high school,free/reduced,none,40,54,61
1033,female,group C,some college,standard,none,89,82,48
1034,female,group C,some college,standard,completed,75,68,80
1035,male,group D,some college,free/reduced,completed,41,76,79
1036,male,group E,associate's degree,free/reduced,none,49,45,36
1037,male,group B,associate's degree,free/reduced,none,63,29,72
1038,male,group D,some college,free/reduced,completed,44,61,48
1039,female,group B,high school,standard,completed,52,59,84
1040,female,group D,some college,free/reduced,none,35,71,74
1041,female,group B,associate's degree,free/reduced,none,55,65,64
1042,female,group C,associate's degree,standard,none,79,72,82
1043,male,group B,some college,standard,none,70,89,82
1044,male,group C,some college,standard,none,41,80,71
1045,female,group D,some high school,standard,none,54,53,42
1046,male,group C,associate's degree,free/reduced,none,74,61,91
1047,female,group E,some high school,standard,completed,75,58,76
1048,male,group A,bachelor's degree,free/reduced,completed,94,62,69
1049,male,group C,master's degree,free/reduced,completed,79,86,91
1050,female,group B,high school,standard,none,72,92,73
1051,female,group A,associate's degree,standard,completed,66,81,87
1052,male,group D,some high school,free/reduced,completed,34,70,55
1053,female,group E,high school,standard,completed,66,79,91
1054,female,group D,some high school,standard,none,42,70,70
1055,female,group D,bachelor's degree,standard,none,63,70,65
1056,male,group E,bachelor's degree,standard,none,63,77,61
1057,male,group D,bachelor's degree,standard,none,86,76,90
1058,male,group E,some college,standard,completed,52,82,46
1059,male,group D,some college,free/reduced,none,77,75,77
1060,female,group B,some college,free/reduced,none,63,53,54
1061,male,group C,associate's degree,standard,none,76,70,63
1062,male,group C,some high school,standard,completed,69,78,75
1063,male,group C,high school,standard,none,60,69,58
1064,male,group E,associate's degree,free/reduced,none,43,38,51
1065,female,group D,associate's degree,free/reduced,none,78,67,57
1066,male,group B,high school,standard,none,50,52,92
1067,male,group A,some high school,standard,completed,70,55,71
1068,female,group D,some college,standard,none,77,51,56
1069,male,group D,high school,standard,none,70,63,49
1070,female,group E,associate's degree,standard,none,83,51,80
1071,female,group C,some high school,free/reduced,completed,67,53,67
1072,male,group C,some college,standard,completed,73,85,79
1073,female,group A,bachelor's degree,standard,none,100,54,71
1074,male,group C,associate's degree,free/reduced,completed,70,79,48
1075,male,group B,some high school,free/reduced,none,52,20,33
1076,male,group C,high school,standard,none,85,49,59
1077,male,group C,master's degree,standard,none,86,59,84
1078,female,group C,some college,free/reduced,none,78,64,75
1079,male,group C,high school,free/reduced,none,67,70,75
1080,female,group C,associate's degree,free/reduced,none,77,62,50
1081,female,group D,some high school,standard,none,29,54,66
1082,female,group D,associate's degree,free/reduced,none,50,39,66
1083,female,group E,bachelor's degree,standard,completed,69,90,90
1084,female,group C,high school,standard,none,77,54,56
1085,male,group C,high school,free/reduced,completed,65,35,60
1086,male,group A,some college,standard,none,94,77,71
1087,male,group C,some high school,standard,completed,70,58,100
1088,male,group C,bachelor's degree,standard,none,80,74,76
1089,female,group D,associate's degree,free/reduced,none,63,66,58
1090,male,group A,some college,standard,none,66,76,77
1091,female,group B,associate's degree,standard,completed,74,89,81
1092,male,group A,associate's degree,standard,none,77,71,58
1093,male,group C,high school,free/reduced,none,43,43,39
1094,male,group B,bachelor's degree,standard,none,44,73,71
1095,female,group E,associate's degree,standard,none,56,77,64
1096,female,group D,some high school,free/reduced,none,47,74,67
1097,female,group E,associate's degree,free/reduced,none,65,69,72
1098,female,group D,high school,standard,completed,79,61,69
1099,female,group C,associate's degree,standard,none,30,75,85
1100,male,group A,associate's degree,free/reduced,completed,83,53,60
1101,female,group C,bachelor's degree,free/reduced,none,60,48,69
1102,male,group C,associate's degree,standard,none,53,92,80
1103,female,group C,bachelor's degree,standard,none,100,85,52
1104,male,group C,associate's degree,standard,completed,94,65,88
1105,female,group C,high school,free/reduced,none,46,59,56
1106,female,group C,some college,standard,completed,73,82,82
1107,male,group D,some college,standard,none,79,68,68
1108,male,group D,some college,free/reduced,completed,77,77,60
1109,male,group C,high school,standard,none,64,56,74
1110,male,group B,high school,free/reduced,completed,62,63,65
1111,female,group D,bachelor's degree,standard,none,79,100,76
1112,female,group B,some high school,standard,none,85,30,71
1113,male,group E,bachelor's degree,free/reduced,none,77,77,50
1114,female,group E,some college,free/reduced,none,84,71,51
1115,female,group C,some high school,free/reduced,none,24,36,71
1116,female,group B,some college,standard,none,73,85,55
1117,male,group B,bachelor's degree,free/reduced,completed,93,82,79
1118,male,group C,bachelor's degree,standard,none,83,78,80
1119,female,group C,master's degree,standard,none,100,70,80
1120,female,group D,high school,standard,none,99,85,57
1121,male,group C,high school,standard,none,63,84,56
1122,male,group B,some high school,standard,none,54,59,65
1123,male,group D,bachelor's degree,standard,none,71,70,75
1124,male,group C,high school,standard,none,65,83,61
1125,female,group C,associate's degree,standard,completed,90,93,65
1126,female,group E,some high school,standard,none,58,73,78
1127,female,group A,bachelor's degree,standard,none,100,89,89
1128,female,group D,master's degree,standard,completed,63,99,84
1129,female,group E,high school,standard,none,51,67,57
1130,male,group C,associate's degree,free/reduced,none,83,54,46
1131,female,group C,associate's degree,standard,none,71,71,81
1132,male,group D,bachelor's degree,standard,none,64,86,82
1133,male,group B,associate's degree,free/reduced,none,64,70,68
1134,male,group D,master's degree,free/reduced,none,87,81,89
1135,male,group B,associate's degree,standard,none,76,73,73
1136,male,group C,high school,standard,none,59,64,29
1137,male,group A,some college,standard,completed,68,57,62
1138,male,group E,high school,standard,none,70,65,53
1139,male,group D,master's degree,standard,none,92,62,100
1140,male,group C,associate's degree,standard,none,65,79,98
1141,male,group D,some college,free/reduced,none,54,49,30
1142,male,group B,some college,standard,none,88,100,70
1143,female,group E,high school,free/reduced,none,60,52,46
1144,female,group B,some high school,free/reduced,completed,58,47,69
1145,male,group B,some high school,standard,completed,68,86,70
1146,female,group D,high school,standard,none,72,49,81
1147,female,group C,associate's degree,standard,completed,58,91,89
1148,female,group C,high school,standard,none,58,70,58
1149,female,group C,bachelor's degree,free/reduced,none,83,83,85
1150,female,group E,master's degree,free/reduced,completed,83,69,44
1151,male,group A,associate's degree,standard,none,71,60,45
1152,female,group C,associate's degree,free/reduced,none,73,66,54
1153,female,group B,bachelor's degree,free/reduced,none,54,69,67
1154,female,group C,associate's degree,standard,completed,86,82,58
1155,female,group D,high school,free/reduced,none,62,50,50
1156,female,group D,master's degree,standard,none,86,77,81
1157,female,group A,bachelor's degree,standard,completed,81,95,90
1158,female,group C,master's degree,standard,completed,92,76,98
1159,male,group B,some high school,free/reduced,none,67,57,36
1160,male,group B,master's degree,free/reduced,none,58,52,80
1161,female,group B,some college,free/reduced,completed,74,71,54
1162,female,group B,high school,standard,none,96,72,57
1163,female,group A,some high school,standard,completed,67,76,58
1164,male,group E,associate's degree,standard,none,49,62,61
1165,male,group D,associate's degree,free/reduced,none,70,53,70
1166,female,group A,some college,standard,none,74,84,73
1167,male,group E,high school,standard,none,77,76,81
1168,male,group C,some high school,standard,none,74,70,63
1169,male,group D,high school,standard,none,96,87,60
1170,male,group A,some high school,standard,none,67,53,61
1171,female,group C,bachelor's degree,free/reduced,none,66,59,64
1172,male,group C,associate's degree,free/reduced,none,77,55,99
1173,male,group B,some high school,standard,none,61,60,59
1174,female,group C,some high school,free/reduced,none,60,73,48
1175,male,group D,master's degree,free/reduced,none,74,67,59
1176,male,group E,some college,standard,none,74,60,58
1177,female,group D,associate's degree,free/reduced,none,79,35,56
1178,male,group C,associate's degree,standard,completed,61,68,74
1179,female,group D,associate's degree,free/reduced,none,72,56,60
1180,female,group D,associate's degree,standard,completed,65,92,56
1181,male,group B,some high school,standard,none,67,85,99
1182,female,group E,bachelor's degree,standard,none,68,81,52
1183,male,group C,high school,standard,none,74,76,57
1184,female,group C,high school,standard,none,45,65,73
1185,female,group D,associate's degree,free/reduced,completed,57,66,61
1186,female,group D,associate's degree,standard,completed,96,90,100
1187,male,group C,high school,free/reduced,none,49,40,65
1188,female,group B,some high school,free/reduced,completed,30,62,43
1189,female,group C,some high school,free/reduced,none,35,58,37
1190,female,group C,some college,free/reduced,none,57,61,52
1191,female,group B,some college,standard,none,70,79,69
1192,male,group D,some college,free/reduced,none,52,47,54
1193,female,group D,associate's degree,standard,none,67,63,82
1194,male,group B,associate's degree,free/reduced,none,73,74,57
1195,female,group C,associate's degree,standard,none,59,72,71
1196,male,group D,some college,free/reduced,completed,69,85,75
1197,female,group D,some college,free/reduced,none,69,58,100
1198,male,group D,some college,standard,none,82,81,100
1199,male,group C,high school,standard,completed,93,74,80
1200,female,group D,some college,standard,none,78,78,78